iseq,url,pseq,reg_date
1,0000006618917_i1_84.jpg,1,"2022-07-20 23:52:06"
2,0000006618917_i2_84.jpg,1,"2022-07-20 23:52:06"
3,0000006618917_i3_84.jpg,1,"2022-07-20 23:52:06"
4,1000022719165_i1_84.jpg,2,"2022-07-20 23:52:19"
5,1000022719165_i2_84.jpg,2,"2022-07-20 23:52:19"
6,1000022719165_i3_84.jpg,2,"2022-07-20 23:52:19"
7,1000011440412_i1_84.jpg,3,"2022-07-20 23:52:27"
8,1000011440412_i2_84.jpg,3,"2022-07-20 23:52:27"
9,1000110498052_i1_84.jpg,4,"2022-07-20 23:52:38"
10,1000110498052_i2_84.jpg,4,"2022-07-20 23:52:38"
11,1000062016367_i1_84.jpg,5,"2022-07-20 23:52:52"
12,1000062016367_i2_84.jpg,5,"2022-07-20 23:52:52"
13,1000062016367_i3_84.jpg,5,"2022-07-20 23:52:52"
14,1000024092678_i1_84.jpg,6,"2022-07-20 23:53:03"
15,1000024092678_i2_84.jpg,6,"2022-07-20 23:53:03"
16,1000049788116_i1_84.jpg,7,"2022-07-20 23:53:13"
17,1000049788116_i2_84.jpg,7,"2022-07-20 23:53:13"
18,1000028300737_i1_84.jpg,8,"2022-07-20 23:53:24"
19,1000028300737_i2_84.jpg,8,"2022-07-20 23:53:24"
20,1000025766345_i1_84.jpg,9,"2022-07-20 23:53:43"
21,1000025766345_i2_84.jpg,9,"2022-07-20 23:53:43"
22,1000025766345_i3_84.jpg,9,"2022-07-20 23:53:43"
23,1000062016368_i1_84.jpg,10,"2022-07-20 23:53:58"
24,1000062016368_i2_84.jpg,10,"2022-07-20 23:53:58"
25,1000062016368_i3_84.jpg,10,"2022-07-20 23:53:58"
26,1000017850945_i1_84.jpg,11,"2022-07-20 23:54:15"
27,1000017850945_i2_84.jpg,11,"2022-07-20 23:54:15"
28,1000017850945_i3_84.jpg,11,"2022-07-20 23:54:15"
29,1000023096464_i1_84.jpg,12,"2022-07-20 23:54:30"
30,1000023096464_i2_84.jpg,12,"2022-07-20 23:54:30"
31,1000023096464_i3_84.jpg,12,"2022-07-20 23:54:30"
32,1000043176420_i1_84.jpg,13,"2022-07-20 23:54:47"
33,1000043176420_i2_84.jpg,13,"2022-07-20 23:54:47"
34,1000043176420_i3_84.jpg,13,"2022-07-20 23:54:47"
35,1000018071288_i1_84.jpg,14,"2022-07-20 23:55:01"
36,1000018071288_i2_84.jpg,14,"2022-07-20 23:55:01"
37,1000018071288_i3_84.jpg,14,"2022-07-20 23:55:01"
38,1000025558944_i1_84.jpg,15,"2022-07-20 23:55:14"
39,1000025558944_i2_84.jpg,15,"2022-07-20 23:55:14"
40,1000025558944_i3_84.jpg,15,"2022-07-20 23:55:14"
41,1000049867575_i1_84.jpg,16,"2022-07-20 23:55:22"
42,1000018490482_i1_84.jpg,17,"2022-07-20 23:55:39"
43,1000018490482_i2_84.jpg,17,"2022-07-20 23:55:39"
44,1000018490482_i3_84.jpg,17,"2022-07-20 23:55:39"
45,1000018490482_i4_84.jpg,17,"2022-07-20 23:55:39"
46,1000268665123_i1_84.jpg,18,"2022-07-20 23:55:53"
47,1000268665123_i2_84.jpg,18,"2022-07-20 23:55:53"
48,1000268665123_i3_84.jpg,18,"2022-07-20 23:55:54"
49,1000005432892_i1_84.jpg,19,"2022-07-20 23:56:05"
50,1000005432892_i2_84.jpg,19,"2022-07-20 23:56:05"
51,1000061396905_i1_84.jpg,20,"2022-07-20 23:56:24"
52,1000061396905_i2_84.jpg,20,"2022-07-20 23:56:24"
53,1000061396905_i3_84.jpg,20,"2022-07-20 23:56:24"
54,1000040538045_i1_84.jpg,21,"2022-07-20 23:58:02"
55,1000040538045_i2_84.jpg,21,"2022-07-20 23:58:02"
56,0000007588534_i1_84.jpg,22,"2022-07-20 23:58:16"
57,0000007588534_i2_84.jpg,22,"2022-07-20 23:58:16"
58,1000018439500_i1_84.jpg,23,"2022-07-20 23:58:29"
59,1000018439500_i2_84.jpg,23,"2022-07-20 23:58:29"
60,0000009707919_i1_84.jpg,24,"2022-07-20 23:58:42"
61,0000009707919_i2_84.jpg,24,"2022-07-20 23:58:42"
62,1000010851673_i1_84.jpg,25,"2022-07-20 23:59:01"
63,1000010851673_i2_84.jpg,25,"2022-07-20 23:59:01"
64,1000010851673_i3_84.jpg,25,"2022-07-20 23:59:01"
65,1000010851673_i4_84.jpg,25,"2022-07-20 23:59:01"
66,0000006615244_i1_84.jpg,26,"2022-07-20 23:59:11"
67,0000006615244_i2_84.jpg,26,"2022-07-20 23:59:11"
68,1000288403163_i1_84.jpg,27,"2022-07-20 23:59:30"
69,1000288403163_i2_84.jpg,27,"2022-07-20 23:59:30"
70,1000288403163_i3_84.jpg,27,"2022-07-20 23:59:30"
71,1000059206494_i1_84.jpg,28,"2022-07-20 23:59:48"
72,1000059206494_i2_84.jpg,28,"2022-07-20 23:59:48"
73,1000059206494_i3_84.jpg,28,"2022-07-20 23:59:48"
74,1000015049537_i1_84.jpg,29,"2022-07-21 00:00:11"
75,1000015049537_i2_84.jpg,29,"2022-07-21 00:00:11"
76,1000015049537_i3_84.jpg,29,"2022-07-21 00:00:11"
77,1000015049537_i4_84.jpg,29,"2022-07-21 00:00:11"
78,0000007452331_i1_84.jpg,30,"2022-07-21 00:00:25"
79,0000007452331_i2_84.jpg,30,"2022-07-21 00:00:25"
80,1000021358594_i1_84.jpg,31,"2022-07-21 00:00:35"
81,1000021358594_i2_84.jpg,31,"2022-07-21 00:00:35"
82,1000050702898_i1_84.jpg,32,"2022-07-21 00:00:45"
83,1000050702898_i2_84.jpg,32,"2022-07-21 00:00:45"
84,1000043447773_i1_84.jpg,33,"2022-07-21 00:00:56"
85,1000043447773_i2_84.jpg,33,"2022-07-21 00:00:56"
86,1000019004602_i1_84.jpg,34,"2022-07-21 00:01:14"
87,1000019004602_i2_84.jpg,34,"2022-07-21 00:01:14"
88,1000019004602_i3_84.jpg,34,"2022-07-21 00:01:14"
89,1000019004602_i4_84.jpg,34,"2022-07-21 00:01:14"
90,0000009528416_i1_84.jpg,35,"2022-07-21 00:01:24"
91,0000009528416_i2_84.jpg,35,"2022-07-21 00:01:24"
92,0000008076892_i1_84.jpg,36,"2022-07-21 00:01:46"
93,0000008076892_i2_84.jpg,36,"2022-07-21 00:01:46"
94,0000008076892_i3_84.jpg,36,"2022-07-21 00:01:46"
95,0000008076892_i4_84.jpg,36,"2022-07-21 00:01:46"
96,0000008594928_i1_84.jpg,37,"2022-07-21 00:01:58"
97,0000008594928_i2_84.jpg,37,"2022-07-21 00:01:58"
98,0000008594928_i3_84.jpg,37,"2022-07-21 00:01:58"
99,1000021358593_i1_84.jpg,38,"2022-07-21 00:02:18"
100,1000021358593_i2_84.jpg,38,"2022-07-21 00:02:18"
101,1000021358593_i3_84.jpg,38,"2022-07-21 00:02:18"
102,1000021358593_i4_84.jpg,38,"2022-07-21 00:02:18"
103,0000008624384_i1_84.jpg,39,"2022-07-21 00:02:35"
104,0000008624384_i2_84.jpg,39,"2022-07-21 00:02:35"
105,0000008624384_i3_84.jpg,39,"2022-07-21 00:02:35"
106,1000419162831_i1_84.jpg,40,"2022-07-21 00:02:48"
107,1000419162831_i2_84.jpg,40,"2022-07-21 00:02:48"
108,1000025189727_i1_84.jpg,41,"2022-07-21 19:43:01"
109,1000025189727_i2_84.jpg,41,"2022-07-21 19:43:01"
110,1000025189727_i3_84.jpg,41,"2022-07-21 19:43:01"
111,1000025189727_i4_84.jpg,41,"2022-07-21 19:43:01"
112,1000045138360_i1_84.jpg,42,"2022-07-21 19:43:14"
113,1000045138360_i2_84.jpg,42,"2022-07-21 19:43:14"
114,1000045138360_i3_84.jpg,42,"2022-07-21 19:43:15"
115,1000018102807_i1_84.jpg,43,"2022-07-21 19:43:27"
116,1000018102807_i2_84.jpg,43,"2022-07-21 19:43:27"
117,1000018102807_i3_84.jpg,43,"2022-07-21 19:43:27"
118,1000029112883_i1_84.jpg,44,"2022-07-21 19:43:41"
119,1000029112883_i2_84.jpg,44,"2022-07-21 19:43:41"
120,1000029112883_i3_84.jpg,44,"2022-07-21 19:43:41"
121,0000006611508_i1_84.jpg,45,"2022-07-21 19:43:57"
122,0000006611508_i2_84.jpg,45,"2022-07-21 19:43:58"
123,0000006611508_i3_84.jpg,45,"2022-07-21 19:43:58"
124,1000038571572_i1_84.jpg,46,"2022-07-21 19:44:32"
125,1000038571572_i2_84.jpg,46,"2022-07-21 19:44:32"
126,1000038571568_i1_84.jpg,47,"2022-07-21 19:44:44"
127,1000038571568_i2_84.jpg,47,"2022-07-21 19:44:44"
128,1000015775884_i1_84.jpg,48,"2022-07-21 19:44:56"
129,1000015775884_i2_84.jpg,48,"2022-07-21 19:44:56"
130,1000026663255_i1_84.jpg,49,"2022-07-21 19:45:06"
131,1000026663255_i2_84.jpg,49,"2022-07-21 19:45:06"
132,1000022513183_i1_84.jpg,50,"2022-07-21 19:45:22"
133,1000022513183_i2_84.jpg,50,"2022-07-21 19:45:22"
134,1000022513183_i3_84.jpg,50,"2022-07-21 19:45:22"
135,1000015615206_i1_84.jpg,51,"2022-07-21 19:46:31"
136,1000015615206_i2_84.jpg,51,"2022-07-21 19:46:31"
137,1000059045157_i1_84.jpg,52,"2022-07-21 19:46:45"
138,1000059045157_i2_84.jpg,52,"2022-07-21 19:46:45"
139,1000059045157_i3_84.jpg,52,"2022-07-21 19:46:45"
140,1000215546225_i1_84.jpg,53,"2022-07-21 19:47:03"
141,1000215546225_i2_84.jpg,53,"2022-07-21 19:47:03"
142,1000215546225_i3_84.jpg,53,"2022-07-21 19:47:03"
143,1000024775946_i1_84.jpg,54,"2022-07-21 19:47:15"
144,1000024775946_i2_84.jpg,54,"2022-07-21 19:47:15"
145,1000279969612_i1_84.jpg,55,"2022-07-21 19:47:29"
146,1000279969612_i2_84.jpg,55,"2022-07-21 19:47:29"
147,1000279969612_i3_84.jpg,55,"2022-07-21 19:47:29"
148,1000038571571_i1_84.jpg,56,"2022-07-21 19:51:08"
149,1000038571571_i2_84.jpg,56,"2022-07-21 19:51:08"
150,1000006084499_i1_84.jpg,57,"2022-07-21 19:51:26"
151,1000006084499_i2_84.jpg,57,"2022-07-21 19:51:26"
152,1000006084499_i3_84.jpg,57,"2022-07-21 19:51:26"
153,1000019403847_i1_84.jpg,58,"2022-07-21 19:51:40"
154,1000019403847_i2_84.jpg,58,"2022-07-21 19:51:40"
155,0000007597907_i1_84.jpg,59,"2022-07-21 19:51:54"
156,0000007597907_i2_84.jpg,59,"2022-07-21 19:51:54"
157,0000007597907_i3_84.jpg,59,"2022-07-21 19:51:54"
158,1000038571570_i1_84.jpg,60,"2022-07-21 19:52:06"
159,1000038571570_i2_84.jpg,60,"2022-07-21 19:52:06"
160,1000421751821_i1_84.jpg,61,"2022-07-21 19:53:19"
161,1000421751821_i2_84.jpg,61,"2022-07-21 19:53:19"
162,1000057597492_i1_84.jpg,62,"2022-07-21 19:53:31"
163,1000057597492_i2_84.jpg,62,"2022-07-21 19:53:31"
164,0000008500162_i1_84.jpg,63,"2022-07-21 19:53:41"
165,0000008500162_i2_84.jpg,63,"2022-07-21 19:53:41"
166,1000037012481_i1_84.jpg,64,"2022-07-21 19:53:53"
167,1000037012481_i2_84.jpg,64,"2022-07-21 19:53:53"
168,1000038571559_i1_84.jpg,65,"2022-07-21 19:54:07"
169,1000038571559_i2_84.jpg,65,"2022-07-21 19:54:07"
170,1000026633612_i1_84.jpg,66,"2022-07-21 19:55:01"
171,1000026633612_i2_84.jpg,66,"2022-07-21 19:55:01"
172,1000026633612_i3_84.jpg,66,"2022-07-21 19:55:01"
173,1000303757697_i1_84.jpg,67,"2022-07-21 19:55:16"
174,1000303757697_i2_84.jpg,67,"2022-07-21 19:55:16"
175,1000303757697_i3_84.jpg,67,"2022-07-21 19:55:16"
176,1000061904515_i1_84.jpg,68,"2022-07-21 19:55:31"
177,1000061904515_i2_84.jpg,68,"2022-07-21 19:55:31"
178,1000061904515_i3_84.jpg,68,"2022-07-21 19:55:31"
179,1000062016364_i1_84.jpg,69,"2022-07-21 19:55:46"
180,1000062016364_i2_84.jpg,69,"2022-07-21 19:55:46"
181,1000062016364_i3_84.jpg,69,"2022-07-21 19:55:46"
182,1000052099221_i1_84.jpg,70,"2022-07-21 19:56:01"
183,1000052099221_i2_84.jpg,70,"2022-07-21 19:56:01"
184,1000052099221_i3_84.jpg,70,"2022-07-21 19:56:01"
185,1000025499460_i1_84.jpg,71,"2022-07-21 19:56:18"
186,1000025499460_i2_84.jpg,71,"2022-07-21 19:56:18"
187,1000025499460_i3_84.jpg,71,"2022-07-21 19:56:18"
188,1000025499460_i4_84.jpg,71,"2022-07-21 19:56:18"
189,1000061904423_i1_84.jpg,72,"2022-07-21 19:56:34"
190,1000061904423_i2_84.jpg,72,"2022-07-21 19:56:34"
191,1000061904423_i3_84.jpg,72,"2022-07-21 19:56:34"
192,1000050203616_i1_84.jpg,73,"2022-07-21 19:56:51"
193,1000050203616_i2_84.jpg,73,"2022-07-21 19:56:51"
194,1000050203616_i3_84.jpg,73,"2022-07-21 19:56:51"
195,1000050574417_i1_84.jpg,74,"2022-07-21 19:57:07"
196,1000050574417_i2_84.jpg,74,"2022-07-21 19:57:07"
197,1000050574417_i3_84.jpg,74,"2022-07-21 19:57:07"
198,1000050203617_i1_84.jpg,75,"2022-07-21 19:57:21"
199,1000050203617_i2_84.jpg,75,"2022-07-21 19:57:21"
200,1000050203617_i3_84.jpg,75,"2022-07-21 19:57:21"
201,1000029387528_i1_84.jpg,76,"2022-07-21 19:57:38"
202,1000029387528_i2_84.jpg,76,"2022-07-21 19:57:38"
203,1000029387528_i3_84.jpg,76,"2022-07-21 19:57:38"
204,1000062016365_i1_84.jpg,77,"2022-07-21 19:57:54"
205,1000062016365_i2_84.jpg,77,"2022-07-21 19:57:54"
206,1000062016365_i3_84.jpg,77,"2022-07-21 19:57:54"
207,1000275506913_i1_84.jpg,78,"2022-07-21 19:58:09"
208,1000275506913_i2_84.jpg,78,"2022-07-21 19:58:09"
209,1000275506913_i3_84.jpg,78,"2022-07-21 19:58:09"
210,1000061904516_i1_84.jpg,79,"2022-07-21 19:58:23"
211,1000061904516_i2_84.jpg,79,"2022-07-21 19:58:23"
212,1000061904516_i3_84.jpg,79,"2022-07-21 19:58:23"
213,0000008326607_i1_84.jpg,80,"2022-07-21 19:58:40"
214,0000008326607_i2_84.jpg,80,"2022-07-21 19:58:40"
215,0000008326607_i3_84.jpg,80,"2022-07-21 19:58:40"
216,0000008326607_i4_84.jpg,80,"2022-07-21 19:58:41"
217,1000054290809_i1_84.jpg,81,"2022-07-21 19:58:53"
218,1000054290809_i2_84.jpg,81,"2022-07-21 19:58:53"
219,1000328785157_i1_84.jpg,82,"2022-07-21 19:59:13"
220,1000328785157_i2_84.jpg,82,"2022-07-21 19:59:13"
221,1000328785157_i3_84.jpg,82,"2022-07-21 19:59:13"
222,1000328785157_i4_84.jpg,82,"2022-07-21 19:59:13"
223,1000367225508_i1_84.jpg,83,"2022-07-21 19:59:23"
224,1000367225508_i2_84.jpg,83,"2022-07-21 19:59:23"
225,1000037159204_i1_84.jpg,84,"2022-07-21 19:59:40"
226,1000037159204_i2_84.jpg,84,"2022-07-21 19:59:40"
227,1000037159204_i3_84.jpg,84,"2022-07-21 19:59:40"
228,1000391797865_i1_84.jpg,85,"2022-07-21 19:59:55"
229,1000391797865_i2_84.jpg,85,"2022-07-21 19:59:55"
